{
  "properties": {
    "connectionReferences": {
      "shared_outlook": {
        "runtimeSource": "invoker",
        "connection": {
          "connectionReferenceLogicalName": "new_sharedoutlook_417ac"
        },
        "api": {
          "name": "shared_outlook"
        }
      }
    },
    "definition": {
      "$schema": "https://schema.management.azure.com/providers/Microsoft.Logic/schemas/2016-06-01/workflowdefinition.json#",
      "contentVersion": "1.0.0.0",
      "parameters": {
        "$connections": {
          "defaultValue": {},
          "type": "Object"
        },
        "$authentication": {
          "defaultValue": {},
          "type": "SecureObject"
        }
      },
      "triggers": {
        "manual": {
          "metadata": {
            "operationMetadataId": "ea021fe5-8aeb-4d2a-91f6-bc21bde030c0"
          },
          "type": "Request",
          "kind": "PowerAppV2",
          "inputs": {
            "schema": {
              "type": "object",
              "properties": {
                "text": {
                  "title": "Nome",
                  "type": "string",
                  "x-ms-dynamically-added": true,
                  "description": "Nome do instrutor:",
                  "x-ms-content-hint": "TEXT"
                },
                "email": {
                  "title": "Email",
                  "type": "string",
                  "format": "email",
                  "x-ms-dynamically-added": true,
                  "description": "eduardodns@outlook.com",
                  "x-ms-content-hint": "EMAIL"
                },
                "text_1": {
                  "title": "Curso",
                  "type": "string",
                  "x-ms-dynamically-added": true,
                  "description": "Nome do Curso:",
                  "x-ms-content-hint": "TEXT"
                }
              },
              "required": [
                "text",
                "email",
                "text_1"
              ]
            }
          }
        }
      },
      "actions": {
        "Enviar_um_email_(V2)": {
          "runAfter": {},
          "metadata": {
            "operationMetadataId": "586232f4-80d3-4849-8b0a-e2e884e5e2d2"
          },
          "type": "OpenApiConnection",
          "inputs": {
            "host": {
              "connectionName": "shared_outlook",
              "operationId": "SendEmailV2",
              "apiId": "/providers/Microsoft.PowerApps/apis/shared_outlook"
            },
            "parameters": {
              "emailMessage/To": "@triggerBody()['email']",
              "emailMessage/Subject": "Novo Curso Habilitado",
              "emailMessage/Body": "<p>Olá, @{triggerBody()['text']}<br>\n<br>\nO Curso @{triggerBody()['text_1']} foi habilitado para que você seja um instrutor.<br>\n<br>\nBoa sorte e bom trabalho,<br>\nEquipe de Treinamento</p>",
              "emailMessage/Importance": "Normal"
            },
            "authentication": "@parameters('$authentication')"
          }
        }
      }
    },
    "templateName": ""
  },
  "schemaVersion": "1.0.0.0"
}